Workbook
Name CalendarYear: [1]January!$AH$4
Name ColumnTitle13: [1]!EmployeeName[[#Headers],[Employee Names]]
Name Employee_Absence_Title: [1]January!$B$1
Name KeyCustom1: [1]January!$N$2
Name KeyCustom2: [1]January!$R$2
Name KeyPersonal: [1]January!$G$2
Name KeySick: [1]January!$K$2
Name KeyVacation: [1]January!$C$2
Name Title1: [1]!January[[#Headers],[Employee Name]]
Name Title10: [1]!October[[#Headers],[Employee Name]]
Name Title11: [1]!November[[#Headers],[Employee Name]]
Name Title12: [1]!December[[#Headers],[Employee Name]]
Name Title2: [1]!February[[#Headers],[Employee Name]]
Name Title3: [1]!March[[#Headers],[Employee Name]]
Name Title4: [1]!April[[#Headers],[Employee Name]]
Name Title5: [1]!May[[#Headers],[Employee Name]]
Name Title6: #REF!
Name Title7: [1]!July[[#Headers],[Employee Name]]
Name Title8: [1]!August[[#Headers],[Employee Name]]
Name Title9: [1]!September[[#Headers],[Employee Name]]

Sheet IN-OUT
B2: August (21/08/2026) - September (20/09/2026)
C3: เวลาเข้างาน | D3: เวลาออกงาน | E3: OT | F3: Holiday | G3: OT Holiday | H3: จำนวนวันทำงาน | I3: จำนวนวันที่มา | J3: จำนวนวันโอที | K3: จน OT 1 | L3: จน OT 3
B4: 46255 | C4: 0.32916667 | D4: 0.70833333 | E4: {=_xlfn.SWITCH(MOD(D4,1),TIME(17,0,0),0,TIME(17,30,0),0.5,TIME(17,50,0),0.5,TIME(18,0,0),1,TIME(18,20,0),1,TIME(18,50,0),1.5,TIME(19,20,0),2,TIME(19,50,0),2.5,0)} -> 0 | H4: 1 | I4: =IF(ISNUMBER(C4),1,0) -> 1 | J4: =IF(AND(ISNUMBER(E4),E4>=1),1,0) -> 0
B5: 46256 | C5: 0.33125 | D5: 0.80555556 | E5: 0 | F5: 8 | G5: 2 | H5: 1 | I5: =IF(ISNUMBER(C5),1,0) -> 1 | J5: 1 | K5: 1 | L5: 1
B6: 46257 | E6: {=_xlfn.SWITCH(MOD(D6,1),TIME(17,0,0),0,TIME(17,30,0),0.5,TIME(17,50,0),0.5,TIME(18,0,0),1,TIME(18,20,0),1,TIME(18,50,0),1.5,TIME(19,20,0),2,TIME(19,50,0),2.5,0)} -> 0 | H6: 0 | I6: =IF(ISNUMBER(C6),1,0) -> 0 | J6: =IF(AND(ISNUMBER(E6),E6>=1),1,0) -> 0
B7: 46258 | C7: 0.32986111 | D7: 0.76388889 | E7: {=_xlfn.SWITCH(MOD(D7,1),TIME(17,0,0),0,TIME(17,30,0),0.5,TIME(17,50,0),0.5,TIME(18,0,0),1,TIME(18,20,0),1,TIME(18,50,0),1.5,TIME(19,20,0),2,TIME(19,50,0),2.5,0)} -> 1 | H7: 1 | I7: =IF(ISNUMBER(C7),1,0) -> 1 | J7: =IF(AND(ISNUMBER(E7),E7>=1),1,0) -> 1
B8: 46259 | C8: 0.32916667 | D8: 0.70833333 | E8: {=_xlfn.SWITCH(MOD(D8,1),TIME(17,0,0),0,TIME(17,30,0),0.5,TIME(17,50,0),0.5,TIME(18,0,0),1,TIME(18,20,0),1,TIME(18,50,0),1.5,TIME(19,20,0),2,TIME(19,50,0),2.5,0)} -> 0 | H8: 1 | I8: =IF(ISNUMBER(C8),1,0) -> 1 | J8: =IF(AND(ISNUMBER(E8),E8>=1),1,0) -> 0
B9: 46260 | C9: 0.32916667 | D9: 0.76388889 | E9: {=_xlfn.SWITCH(MOD(D9,1),TIME(17,0,0),0,TIME(17,30,0),0.5,TIME(17,50,0),0.5,TIME(18,0,0),1,TIME(18,20,0),1,TIME(18,50,0),1.5,TIME(19,20,0),2,TIME(19,50,0),2.5,0)} -> 1 | H9: 1 | I9: =IF(ISNUMBER(C9),1,0) -> 1 | J9: =IF(AND(ISNUMBER(E9),E9>=1),1,0) -> 1
B10: 46261 | C10: 0.32847222 | D10: 0.80555556 | E10: {=_xlfn.SWITCH(MOD(D10,1),TIME(17,0,0),0,TIME(17,30,0),0.5,TIME(17,50,0),0.5,TIME(18,0,0),1,TIME(18,20,0),1,TIME(18,50,0),1.5,TIME(19,20,0),2,TIME(19,50,0),2.5,0)} -> 2 | H10: 1 | I10: =IF(ISNUMBER(C10),1,0) -> 1 | J10: =IF(AND(ISNUMBER(E10),E10>=1),1,0) -> 1
B11: 46262 | C11: 0.32916667 | D11: 0.70833333 | E11: {=_xlfn.SWITCH(MOD(D11,1),TIME(17,0,0),0,TIME(17,30,0),0.5,TIME(17,50,0),0.5,TIME(18,0,0),1,TIME(18,20,0),1,TIME(18,50,0),1.5,TIME(19,20,0),2,TIME(19,50,0),2.5,0)} -> 0 | H11: 1 | I11: =IF(ISNUMBER(C11),1,0) -> 1 | J11: =IF(AND(ISNUMBER(E11),E11>=1),1,0) -> 0
B12: 46263 | C12: 0.32916667 | D12: 0.74305556 | E12: {=_xlfn.SWITCH(MOD(D12,1),TIME(17,0,0),0,TIME(17,30,0),0.5,TIME(17,50,0),0.5,TIME(18,0,0),1,TIME(18,20,0),1,TIME(18,50,0),1.5,TIME(19,20,0),2,TIME(19,50,0),2.5,0)} -> 0.5 | H12: 1 | I12: =IF(ISNUMBER(C12),1,0) -> 1 | J12: =IF(AND(ISNUMBER(E12),E12>=1),1,0) -> 0
B13: 46264 | H13: 0 | I13: =IF(ISNUMBER(C13),1,0) -> 0 | J13: =IF(AND(ISNUMBER(E13),E13>=1),1,0) -> 0
B14: 46265 | C14: 0.33125 | D14: 0.80555556 | E14: {=_xlfn.SWITCH(MOD(D14,1),TIME(17,0,0),0,TIME(17,30,0),0.5,TIME(17,50,0),0.5,TIME(18,0,0),1,TIME(18,20,0),1,TIME(18,50,0),1.5,TIME(19,20,0),2,TIME(19,50,0),2.5,0)} -> 2 | H14: 1 | I14: =IF(ISNUMBER(C14),1,0) -> 1 | J14: =IF(AND(ISNUMBER(E14),E14>=1),1,0) -> 1
B15: 46266 | C15: 0.32986111 | D15: 0.70833333 | E15: {=_xlfn.SWITCH(MOD(D15,1),TIME(17,0,0),0,TIME(17,30,0),0.5,TIME(17,50,0),0.5,TIME(18,0,0),1,TIME(18,20,0),1,TIME(18,50,0),1.5,TIME(19,20,0),2,TIME(19,50,0),2.5,0)} -> 0 | H15: 1 | I15: =IF(ISNUMBER(C15),1,0) -> 1 | J15: =IF(AND(ISNUMBER(E15),E15>=1),1,0) -> 0
B16: 46267 | C16: 0.32986111 | D16: 0.80555556 | E16: {=_xlfn.SWITCH(MOD(D16,1),TIME(17,0,0),0,TIME(17,30,0),0.5,TIME(17,50,0),0.5,TIME(18,0,0),1,TIME(18,20,0),1,TIME(18,50,0),1.5,TIME(19,20,0),2,TIME(19,50,0),2.5,0)} -> 2 | H16: 1 | I16: =IF(ISNUMBER(C16),1,0) -> 1 | J16: =IF(AND(ISNUMBER(E16),E16>=1),1,0) -> 1
B17: 46268 | C17: 0.32986111 | D17: 0.76388889 | E17: {=_xlfn.SWITCH(MOD(D17,1),TIME(17,0,0),0,TIME(17,30,0),0.5,TIME(17,50,0),0.5,TIME(18,0,0),1,TIME(18,20,0),1,TIME(18,50,0),1.5,TIME(19,20,0),2,TIME(19,50,0),2.5,0)} -> 1 | H17: 1 | I17: =IF(ISNUMBER(C17),1,0) -> 1 | J17: =IF(AND(ISNUMBER(E17),E17>=1),1,0) -> 1
B18: 46269 | C18: 0.32986111 | D18: 0.70833333 | E18: {=_xlfn.SWITCH(MOD(D18,1),TIME(17,0,0),0,TIME(17,30,0),0.5,TIME(17,50,0),0.5,TIME(18,0,0),1,TIME(18,20,0),1,TIME(18,50,0),1.5,TIME(19,20,0),2,TIME(19,50,0),2.5,0)} -> 0 | H18: 1 | I18: =IF(ISNUMBER(C18),1,0) -> 1 | J18: =IF(AND(ISNUMBER(E18),E18>=1),1,0) -> 0
B19: 46270 | C19: 0.32986111 | D19: 0.80555556 | E19: 0 | F19: 8 | G19: 2 | H19: 1 | I19: =IF(ISNUMBER(C19),1,0) -> 1 | J19: 1 | K19: 1 | L19: 1
B20: 46271 | H20: 0 | I20: =IF(ISNUMBER(C20),1,0) -> 0 | J20: =IF(AND(ISNUMBER(E20),E20>=1),1,0) -> 0
B21: 46272 | C21: 0.32986111 | D21: 0.80555556 | E21: {=_xlfn.SWITCH(MOD(D21,1),TIME(17,0,0),0,TIME(17,30,0),0.5,TIME(17,50,0),0.5,TIME(18,0,0),1,TIME(18,20,0),1,TIME(18,50,0),1.5,TIME(19,20,0),2,TIME(19,50,0),2.5,0)} -> 2 | H21: 1 | I21: =IF(ISNUMBER(C21),1,0) -> 1 | J21: =IF(AND(ISNUMBER(E21),E21>=1),1,0) -> 1
B22: 46273 | C22: 0.32986111 | D22: 0.70833333 | E22: {=_xlfn.SWITCH(MOD(D22,1),TIME(17,0,0),0,TIME(17,30,0),0.5,TIME(17,50,0),0.5,TIME(18,0,0),1,TIME(18,20,0),1,TIME(18,50,0),1.5,TIME(19,20,0),2,TIME(19,50,0),2.5,0)} -> 0 | H22: 1 | I22: =IF(ISNUMBER(C22),1,0) -> 1 | J22: =IF(AND(ISNUMBER(E22),E22>=1),1,0) -> 0
B23: 46274 | C23: 0.32986111 | D23: 0.80555556 | E23: {=_xlfn.SWITCH(MOD(D23,1),TIME(17,0,0),0,TIME(17,30,0),0.5,TIME(17,50,0),0.5,TIME(18,0,0),1,TIME(18,20,0),1,TIME(18,50,0),1.5,TIME(19,20,0),2,TIME(19,50,0),2.5,0)} -> 2 | H23: 1 | I23: =IF(ISNUMBER(C23),1,0) -> 1 | J23: =IF(AND(ISNUMBER(E23),E23>=1),1,0) -> 1
B24: 46275 | C24: 0.32986111 | D24: 0.75 | E24: {=_xlfn.SWITCH(MOD(D24,1),TIME(17,0,0),0,TIME(17,30,0),0.5,TIME(17,50,0),0.5,TIME(18,0,0),1,TIME(18,20,0),1,TIME(18,50,0),1.5,TIME(19,20,0),2,TIME(19,50,0),2.5,0)} -> 1 | H24: 1 | I24: =IF(ISNUMBER(C24),1,0) -> 1 | J24: =IF(AND(ISNUMBER(E24),E24>=1),1,0) -> 1
B25: 46276 | C25: 0.32986111 | D25: 0.70833333 | E25: {=_xlfn.SWITCH(MOD(D25,1),TIME(17,0,0),0,TIME(17,30,0),0.5,TIME(17,50,0),0.5,TIME(18,0,0),1,TIME(18,20,0),1,TIME(18,50,0),1.5,TIME(19,20,0),2,TIME(19,50,0),2.5,0)} -> 0 | H25: 1 | I25: =IF(ISNUMBER(C25),1,0) -> 1 | J25: =IF(AND(ISNUMBER(E25),E25>=1),1,0) -> 0
B26: 46277 | H26: 0 | I26: =IF(ISNUMBER(C26),1,0) -> 0 | J26: 0
B27: 46278 | H27: 0 | I27: =IF(ISNUMBER(C27),1,0) -> 0 | J27: =IF(AND(ISNUMBER(E27),E27>=1),1,0) -> 0
B28: 46279 | C28: 0.32986111 | D28: 0.80555556 | E28: {=_xlfn.SWITCH(MOD(D28,1),TIME(17,0,0),0,TIME(17,30,0),0.5,TIME(17,50,0),0.5,TIME(18,0,0),1,TIME(18,20,0),1,TIME(18,50,0),1.5,TIME(19,20,0),2,TIME(19,50,0),2.5,0)} -> 2 | H28: 1 | I28: =IF(ISNUMBER(C28),1,0) -> 1 | J28: =IF(AND(ISNUMBER(E28),E28>=1),1,0) -> 1
B29: 46280 | C29: 0.32986111 | D29: 0.70833333 | E29: {=_xlfn.SWITCH(MOD(D29,1),TIME(17,0,0),0,TIME(17,30,0),0.5,TIME(17,50,0),0.5,TIME(18,0,0),1,TIME(18,20,0),1,TIME(18,50,0),1.5,TIME(19,20,0),2,TIME(19,50,0),2.5,0)} -> 0 | H29: 1 | I29: =IF(ISNUMBER(C29),1,0) -> 1 | J29: =IF(AND(ISNUMBER(E29),E29>=1),1,0) -> 0
B30: 46281 | C30: 0.32986111 | D30: 0.80555556 | E30: {=_xlfn.SWITCH(MOD(D30,1),TIME(17,0,0),0,TIME(17,30,0),0.5,TIME(17,50,0),0.5,TIME(18,0,0),1,TIME(18,20,0),1,TIME(18,50,0),1.5,TIME(19,20,0),2,TIME(19,50,0),2.5,0)} -> 2 | H30: 1 | I30: =IF(ISNUMBER(C30),1,0) -> 1 | J30: =IF(AND(ISNUMBER(E30),E30>=1),1,0) -> 1
B31: 46282 | C31: 0.32986111 | D31: 0.76388889 | E31: {=_xlfn.SWITCH(MOD(D31,1),TIME(17,0,0),0,TIME(17,30,0),0.5,TIME(17,50,0),0.5,TIME(18,0,0),1,TIME(18,20,0),1,TIME(18,50,0),1.5,TIME(19,20,0),2,TIME(19,50,0),2.5,0)} -> 1 | H31: 1 | I31: =IF(ISNUMBER(C31),1,0) -> 1 | J31: =IF(AND(ISNUMBER(E31),E31>=1),1,0) -> 1
B32: 46283 | C32: 0.32986111 | D32: 0.70833333 | E32: {=_xlfn.SWITCH(MOD(D32,1),TIME(17,0,0),0,TIME(17,30,0),0.5,TIME(17,50,0),0.5,TIME(18,0,0),1,TIME(18,20,0),1,TIME(18,50,0),1.5,TIME(19,20,0),2,TIME(19,50,0),2.5,0)} -> 0 | H32: 1 | I32: =IF(ISNUMBER(C32),1,0) -> 1 | J32: =IF(AND(ISNUMBER(E32),E32>=1),1,0) -> 0
A33: : | B33: 46284 | E33: {=_xlfn.SWITCH(MOD(D33,1),TIME(17,0,0),0,TIME(17,30,0),0.5,TIME(17,50,0),0.5,TIME(18,0,0),1,TIME(18,20,0),1,TIME(18,50,0),1.5,TIME(19,20,0),2,TIME(19,50,0),2.5,0)} -> 0 | H33: 0 | I33: =IF(ISNUMBER(C33),1,0) -> 0 | J33: =IF(AND(ISNUMBER(E33),E33>=1),1,0) -> 0
B34: 46285 | E34: {=_xlfn.SWITCH(MOD(D34,1),TIME(17,0,0),0,TIME(17,30,0),0.5,TIME(17,50,0),0.5,TIME(18,0,0),1,TIME(18,20,0),1,TIME(18,50,0),1.5,TIME(19,20,0),2,TIME(19,50,0),2.5,0)} -> 0 | H34: 0 | I34: =IF(ISNUMBER(C34),1,0) -> 0 | J34: =IF(AND(ISNUMBER(E34),E34>=1),1,0) -> 0
E35: =SUM(E4:E34) -> 19.5 | F35: =SUM(F4:F33) -> 16 | G35: =SUM(G4:G33) -> 4 | H35: =COUNTIF(H4:H34,1) -> 24 | I35: =COUNTIF(I4:I34,1) -> 24 | J35: =COUNTIF(J4:J34,1) -> 14 | K35: =COUNT(K2:K33) -> 2 | L35: =COUNT(L2:L33) -> 2

Sheet CAL SALARY
A1: เงินเดือน | B1: จำนวนวัน (ในเดือนนี้) | C1: เงินที่ได้ต่อวัน | D1: จำนวนวัน (ที่มาทำงาน) | E1: เงินที่ได้ทั้งหมด (ไม่รวมโอที) | F1: จำนวนวัน (ทำโอที) | G1: จำนวนชั่วโมง (OT*1.5) | H1: จำนวนชั่วโมง (OT*1) | I1: จำนวนชั่วโมง (OT*3) | J1: ค่าอาหาร | K1: อาหารโอที | L1: เงินช่วยเหลือ ค่าเดินทาง | M1: เบี้ยขยัน | N1: OT*1.5 | O1: OT*1 | P1: OT*3 | Q1: ประกันสังคม
A2: 20000 | B2: ='IN-OUT'!H35 -> 24 | C2: =A2/B2 -> 833.33333 | D2: ='IN-OUT'!I35 -> 24 | E2: =C2*D2 -> 20000 | F2: =COUNTIF('IN-OUT'!J4:J34,1) -> 14 | G2: ='IN-OUT'!E35 -> 19.5 | H2: ='IN-OUT'!F35 -> 16 | I2: ='IN-OUT'!G35 -> 4 | J2: =20*D2 -> 480 | K2: =15*F2 -> 210 | L2: 1230 | M2: =IF(B2=D2, "650") -> 650 | N2: =(A2/30/8)*(1.5*G2) -> 2437.5 | O2: =(A2/30/8)*(1*H2) -> 1333.3333 | P2: =(A2/30/8)*(3*I2) -> 1000 | Q2: =875 -> 875
A3: เงินที่ได้ทั้งหมด (ในเดือนนี้)
A4: =J2+K2+L2+A2+M2-Q2+O2+P2+N2+E12 -> 26465.833
